project_path,layer_id,layer_name,provider,datasource,source_type,resolved_absolute_path,exists,in_repo,file_extension,status
QField/Ag_School_AgParcels_QField/Paul-MASTER.qgz,Ag_District_Footprints_d20bb39b_aaa0_4187_95d6_9333e57ae3d9,Ag District Footprints,ogr,../../gis/data/farms/ag_school_parcels.gpkg|layername=Ag_Districts_Focus,file,/mnt/c/Users/PaulMarzocchi/Vivarium/FARM_Time-/gis/data/farms/ag_school_parcels.gpkg,True,True,.gpkg,ok
QField/Ag_School_AgParcels_QField/Paul-MASTER.qgz,Ag_Zoned_Parcels_7b2fde32_5e86_4bb0_ad67_3b72fce29d0f,Ag Zoned Parcels,ogr,../../gis/data/farms/ag_school_parcels.gpkg|layername=Ag_Zoned_Parcels,file,/mnt/c/Users/PaulMarzocchi/Vivarium/FARM_Time-/gis/data/farms/ag_school_parcels.gpkg,True,True,.gpkg,ok
QField/Ag_School_AgParcels_QField/Paul-MASTER.qgz,Ag_Zoned_Parcels___Onondaga_Ownership_75b9b571_3795_4888_bd70_249b7a1e5101,Ag Zoned Parcels – Onondaga Ownership,ogr,../../gis/data/farms/ag_school_parcels.gpkg|layername=Ag_Zoned_Parcels|subset=COUNTY_NAME='Onondaga',file,/mnt/c/Users/PaulMarzocchi/Vivarium/FARM_Time-/gis/data/farms/ag_school_parcels.gpkg,True,True,.gpkg,ok
QField/Ag_School_AgParcels_QField/Paul-MASTER.qgz,Bing_Satellite_e4d66a55_a631_46f1_a2ea_9c486a5ba0c2,Bing Satellite,wms,crs=EPSG:3857&format&type=xyz&url=https://ecn.t3.tiles.virtualearth.net/tiles/a%7Bq%7D.jpeg?g%3D0%26dir%3Ddir_n'&zmax=18&zmin=1,non-file,,False,False,,non-file
QField/Ag_School_AgParcels_QField/Paul-MASTER.qgz,Ag_Zoned_Parcels_CORE_3238bc05b6b44fa2847b0ed213b3fb91,CORE Parcels (2-30 ac single owner),ogr,"../../gis/data/farms/ag_school_parcels.gpkg|layername=Ag_Zoned_Parcels|subset=PRINT_KEY IN ('003.-01-26.1','005.-02-21.0','005.-02-22.1','005.-03-33.1','005.-04-20.0','005.-05-01.0','005.-06-01.1','005.-07-07.2','005.-07-10.1','005.-07-12.0','006.-04-02.2','006.-04-02.3','006.-04-06.1','006.-04-12.4','006.-04-17.1','006.-04-24.0','006.1-01-11.2','006.1-01-14.1','006.1-01-15.1','006.1-01-26.0','006.1-01-30.0','006.1-02-06.0','006.1-02-07.0','006.1-03-01.5','006.1-03-06.1','006.1-03-17.0','006.1-03-24.0','006.1-03-35.0','007.-01-05.0','007.-01-18.0','007.-01-43.0','007.-05-06.3','007.-05-06.7','007.1-02-06.2','007.1-02-06.3','007.1-02-06.4','010.-01-04.2','010.-01-06.2','010.-02-01.0','010.-02-39.1','010.-02-40.3','010.-02-41.1','010.-02-42.1','015.-01-43.6','015.-01-44.0','021.-01-07.2','021.-01-07.4','021.-01-07.5','021.-01-08.0','021.-01-09.0','021.-01-13.3','021.-01-13.4','021.-01-17.0','021.-01-19.2','021.-01-21.1','021.-03-11.0','021.-04-16.1','022.-01-10.2','022.-01-12.2','022.-01-12.3','022.-01-14.1','022.-02-01.2','022.-02-02.0','022.-02-03.0','022.-02-05.1','022.-02-06.1','022.-02-12.3','022.-02-14.1','022.-02-14.6','022.1-01-02.0','022.1-02-42.0','023.-01-18.0','023.-01-19.0','023.-01-26.1','023.-01-28.4','023.-01-28.5','023.-01-28.7','023.-01-28.8','026.-01-08.1','026.-04-09.0','026.-04-12.7','027.-01-03.2','027.-03-02.1','027.-03-06.0','027.2-02-93.5','028.1-01-03.1','047.-03-52.0','047.-03-53.0','047.-03-54.0','047.-03-55.0','047.-03-58.1','049.-03-04.0','049.-03-11.0','049.-03-12.0','049.-03-15.1','049.-04-06.4','049.-04-06.5','049.-04-06.6','049.-04-07.2','049.-04-07.3','049.-04-17.1','049.-04-20.0','049.-04-24.0','049.-04-29.0','052.-01-05.5','052.-01-05.6','052.-01-06.2','052.-02-07.0','052.-03-24.1','053.-02-02.0','054.-01-01.1','054.-01-01.2','054.-01-01.3','054.-01-13.0','054.-01-14.0','054.-01-19.1','054.-02-03.1','054.-02-06.2','054.-02-07.1','054.-02-07.2','054.-02-10.0','054.-02-12.0','054.-02-13.0','054.-03-11.1','054.-03-11.2','054.-03-13.1','054.-04-21.0','055.-07-01.0','055.-07-04.0','055.-08-04.0','055.-08-13.0','055.-08-14.1','055.-08-14.2','055.-08-21.1','055.-08-22.0')",file,/mnt/c/Users/PaulMarzocchi/Vivarium/FARM_Time-/gis/data/farms/ag_school_parcels.gpkg,True,True,.gpkg,ok
QField/Ag_School_AgParcels_QField/Paul-MASTER.qgz,ESRI_World_Imagery_de93d0de_a928_46a3_b210_07377ce37a26,ESRI World Imagery,wms,crs=EPSG:3857&format&type=xyz&url=https://services.arcgisonline.com/ArcGIS/rest/services/World_Imagery/MapServer/tile/%7Bz%7D/%7By%7D/%7Bx%7D&zmax=19&zmin=0,non-file,,False,False,,non-file
QField/Ag_School_AgParcels_QField/Paul-MASTER.qgz,Flood_Hazard_(NFHL)_c9dac9052b52414bba4a9f13a8a32bf6,Flood Hazard (NFHL),ogr,../../gis/data/parcels/flood_nfhl.gpkg|layername=S_FLD_HAZ_AR,file,/mnt/c/Users/PaulMarzocchi/Vivarium/FARM_Time-/gis/data/parcels/flood_nfhl.gpkg,True,True,.gpkg,ok
QField/Ag_School_AgParcels_QField/Paul-MASTER.qgz,Hydrography__Flowline__c545bcef_d2fe_4c55_b8d2_5200a19e971c,Hydrography (Flowline),ogr,../../gis/data/farms/ag_school_parcels.gpkg|layername=Water_Lines,file,/mnt/c/Users/PaulMarzocchi/Vivarium/FARM_Time-/gis/data/farms/ag_school_parcels.gpkg,True,True,.gpkg,ok
QField/Ag_School_AgParcels_QField/Paul-MASTER.qgz,Hydrography_–_Flowlines_a96a1f2e595c4f83a15bedb934f9fc39,Hydrography – Flowlines,ogr,../../gis/data/parcels/hydro_flow.gpkg|layername=NHDFlowline,file,/mnt/c/Users/PaulMarzocchi/Vivarium/FARM_Time-/gis/data/parcels/hydro_flow.gpkg,True,True,.gpkg,ok
QField/Ag_School_AgParcels_QField/Paul-MASTER.qgz,Hydrography_–_Waterbodies_1640deaf9bb04f5e9af37830b20cb535,Hydrography – Waterbodies,ogr,../../gis/data/parcels/hydro_water.gpkg|layername=NHDWaterbody,file,/mnt/c/Users/PaulMarzocchi/Vivarium/FARM_Time-/gis/data/parcels/hydro_water.gpkg,True,True,.gpkg,ok
QField/Ag_School_AgParcels_QField/Paul-MASTER.qgz,Land_Cover_(NLCD_2019)_d041081fb06242b495065e0cc3578c50,Land Cover (NLCD 2019),gdal,../../gis/data/parcels/nlcd_2019_clip.tif,file,/mnt/c/Users/PaulMarzocchi/Vivarium/FARM_Time-/gis/data/parcels/nlcd_2019_clip.tif,True,True,.tif,ok
QField/Ag_School_AgParcels_QField/Paul-MASTER.qgz,NYS_DEM_Tile_Index_FeatureServer_2fee19b4-6022-4d3c-9f7c-ad5cbd853303,NYS DEM Tile Index (FeatureServer),arcgisfeatureserver,crs='EPSG:3857' filter='' url='https://elevation.its.ny.gov/arcgis/rest/services/Dem_Indexes/FeatureServer/0',non-file,,False,False,,non-file
QField/Ag_School_AgParcels_QField/Paul-MASTER.qgz,NYS_Latest_Orthoimagery_WMS_9b1907c3-04dc-4552-aa93-d59dba7eba6f,NYS Latest Orthoimagery (WMS),wms,contextualWMSLegend=0&crs=EPSG:3857&dpiMode=7&featureCount=10&format=image/png&layers=0&styles=&url=https://orthos.its.ny.gov/arcgis/services/wms/Latest/MapServer/WMSServer,non-file,,False,False,,non-file
QField/Ag_School_AgParcels_QField/Paul-MASTER.qgz,NYS_LiDAR_LAS_Tile_Index_FeatureServer_46b759b5-ecff-4488-aea7-e3c70c98ca48,NYS LiDAR LAS Tile Index (FeatureServer),arcgisfeatureserver,crs='EPSG:3857' filter='' url='https://elevation.its.ny.gov/arcgis/rest/services/LAS_Indexes/FeatureServer/0',non-file,,False,False,,non-file
QField/Ag_School_AgParcels_QField/Paul-MASTER.qgz,NYS_2024_Tax_Parcels_Public_2504_gdb_a00000016_gdbtable_c1961b8e_07ad_4e93_9af9_836c5e6298ec,NYS_2024_Tax_Parcels_Public_2504.gdb/a00000016.gdbtable,ogr,/vsizip/gis/data/parcels/NYS-Tax-Parcels.zip/NYS_2024_Tax_Parcels_Public_2504.gdb/a00000016.gdbtable|layername=NYS_Tax_Parcels_Public,vsizip,/mnt/c/Users/PaulMarzocchi/Vivarium/FARM_Time-/QField/Ag_School_AgParcels_QField/gis/data/parcels/NYS-Tax-Parcels.zip,False,True,.gdbtable,missing
QField/Ag_School_AgParcels_QField/Paul-MASTER.qgz,Northern___Southern_Hunting_Zone_Line_27c564fa_f8d8_4142_a42d_496361ce7fe1,Northern / Southern Hunting Zone Line,ogr,../../gis/data/farms/ag_school_parcels.gpkg|layername=Hunting_NorthSouth_Line,file,/mnt/c/Users/PaulMarzocchi/Vivarium/FARM_Time-/gis/data/farms/ag_school_parcels.gpkg,True,True,.gpkg,ok
QField/Ag_School_AgParcels_QField/Paul-MASTER.qgz,O_7985714b_e63d_4669_bbf3_ffd2ebf93561,O,ogr,../../Oak Ridge.gpkg|layername=O,file,/mnt/c/Users/PaulMarzocchi/Vivarium/FARM_Time-/Oak Ridge.gpkg,True,True,.gpkg,ok
QField/Ag_School_AgParcels_QField/Paul-MASTER.qgz,County_Streets_ff64da100b70401db5a929fb35ead767,Onondaga & St. Lawrence Streets,ogr,"../../gis/data/roads_trails/NYS_Streets.shp|subset=""LeftCounty"" IN ('Onondaga','St Lawrence') OR ""RightCount"" IN ('Onondaga','St Lawrence')",file,/mnt/c/Users/PaulMarzocchi/Vivarium/FARM_Time-/gis/data/roads_trails/NYS_Streets.shp,True,True,.shp,ok
QField/Ag_School_AgParcels_QField/Paul-MASTER.qgz,Onondaga_DEM_1m_NYS_Bare_Earth_842c9e66-092d-42d7-94b1-b08f573473ef,Onondaga DEM 1m (NYS Bare Earth),gdal,../../Elevation/DEM_NYS_1m/Onondaga.vrt,file,/mnt/c/Users/PaulMarzocchi/Vivarium/FARM_Time-/Elevation/DEM_NYS_1m/Onondaga.vrt,True,True,.vrt,ok
QField/Ag_School_AgParcels_QField/Paul-MASTER.qgz,Onondaga_Elevation__DEM__61f9e840_189f_40fa_a588_dda72f3c9dff,Onondaga Elevation (DEM),gdal,../../gis/data/elevation/onondaga_dem_clipped.tif,file,/mnt/c/Users/PaulMarzocchi/Vivarium/FARM_Time-/gis/data/elevation/onondaga_dem_clipped.tif,True,True,.tif,ok
QField/Ag_School_AgParcels_QField/Paul-MASTER.qgz,Onondaga_Hillshade_a1126c90_6c47_4343_bbff_09b5a2f936c0,Onondaga Hillshade,gdal,../../gis/data/elevation/onondaga_hillshade.tif,file,/mnt/c/Users/PaulMarzocchi/Vivarium/FARM_Time-/gis/data/elevation/onondaga_hillshade.tif,True,True,.tif,ok
QField/Ag_School_AgParcels_QField/Paul-MASTER.qgz,OpenTopoMap__XYZ__863ec247_c1dc_4d8c_ae56_f6f3e14ca85e,OpenTopoMap (XYZ),wms,crs=EPSG:3857&format&type=xyz&url=https://tile.opentopomap.org/%7Bz%7D/%7Bx%7D/%7By%7D.png&zmax=17&zmin=0,non-file,,False,False,,non-file
QField/Ag_School_AgParcels_QField/Paul-MASTER.qgz,Primary___Secondary_Roads_f8f0991d_efe2_4654_b8e1_5d069cfb200e,Primary / Secondary Roads,ogr,../../gis/data/farms/ag_school_parcels.gpkg|layername=Roads_Primary,file,/mnt/c/Users/PaulMarzocchi/Vivarium/FARM_Time-/gis/data/farms/ag_school_parcels.gpkg,True,True,.gpkg,ok
QField/Ag_School_AgParcels_QField/Paul-MASTER.qgz,School_District_Parcels_458e3d13_05a7_4a4d_93fd_4336263bdf0c,School District Parcels,ogr,../../gis/data/farms/ag_school_parcels.gpkg|layername=Candidate_Parcels,file,/mnt/c/Users/PaulMarzocchi/Vivarium/FARM_Time-/gis/data/farms/ag_school_parcels.gpkg,True,True,.gpkg,ok
QField/Ag_School_AgParcels_QField/Paul-MASTER.qgz,Soils_SSURGO_218acd96e7e04e96a9d04f680967d902,Soils (SSURGO),ogr,../../gis/data/parcels/soils_ssurgo.gpkg|layername=soilmu_a_ny067,file,/mnt/c/Users/PaulMarzocchi/Vivarium/FARM_Time-/gis/data/parcels/soils_ssurgo.gpkg,True,True,.gpkg,ok
QField/Ag_School_AgParcels_QField/Paul-MASTER.qgz,St._Lawrence_DEM_1m_NYS_Bare_Earth_2015_eee34db1-67b4-40ac-b96a-03ba4f992e3a,St. Lawrence DEM 1m (NYS Bare Earth 2015),gdal,../../Elevation/DEM_NYS_1m/St_Lawrence_2015.vrt,file,/mnt/c/Users/PaulMarzocchi/Vivarium/FARM_Time-/Elevation/DEM_NYS_1m/St_Lawrence_2015.vrt,True,True,.vrt,ok
QField/Ag_School_AgParcels_QField/Paul-MASTER.qgz,St._Lawrence_DEM_1m_NYS_Bare_Earth_2023_shoreline_f4c2be73-bff7-465c-9cb4-191ac001f34f,St. Lawrence DEM 1m (NYS Bare Earth 2023 shoreline),gdal,../../Elevation/DEM_NYS_1m/St_Lawrence_2023.vrt,file,/mnt/c/Users/PaulMarzocchi/Vivarium/FARM_Time-/Elevation/DEM_NYS_1m/St_Lawrence_2023.vrt,True,True,.vrt,ok
QField/Ag_School_AgParcels_QField/Paul-MASTER.qgz,St__Lawrence_Elevation__DEM__e96c0fe6_99eb_44c7_9488_d9d07c87106f,St. Lawrence Elevation (DEM),gdal,../../gis/data/elevation/stlawrence_dem_clipped.tif,file,/mnt/c/Users/PaulMarzocchi/Vivarium/FARM_Time-/gis/data/elevation/stlawrence_dem_clipped.tif,True,True,.tif,ok
QField/Ag_School_AgParcels_QField/Paul-MASTER.qgz,St__Lawrence_Hillshade_c20c1cc6_bdd7_4ca0_885f_f205ef04c04d,St. Lawrence Hillshade,gdal,../../gis/data/elevation/stlawrence_hillshade.tif,file,/mnt/c/Users/PaulMarzocchi/Vivarium/FARM_Time-/gis/data/elevation/stlawrence_hillshade.tif,True,True,.tif,ok
QField/Ag_School_AgParcels_QField/Paul-MASTER.qgz,State___Federal_Conservation_Lands_14c1d4fa_bc91_4e17_8882_ae2f6bb55302,State & Federal Conservation Lands,ogr,../../gis/data/farms/ag_school_parcels.gpkg|layername=Protected_Lands,file,/mnt/c/Users/PaulMarzocchi/Vivarium/FARM_Time-/gis/data/farms/ag_school_parcels.gpkg,True,True,.gpkg,ok
QField/Ag_School_AgParcels_QField/Paul-MASTER.qgz,Streets___Onondaga_County__TIGER_2024__b8f22444_aa40_4079_9485_dbaa332d7099,Streets – Onondaga County (TIGER 2024),ogr,../../gis/data/roads_trails/tl_2024_36067_roads.shp,file,/mnt/c/Users/PaulMarzocchi/Vivarium/FARM_Time-/gis/data/roads_trails/tl_2024_36067_roads.shp,True,True,.shp,ok
QField/Ag_School_AgParcels_QField/Paul-MASTER.qgz,Streets___St__Lawrence_County__TIGER_2024__57021372_0fd7_4700_8976_9a7f2f13b134,Streets – St. Lawrence County (TIGER 2024),ogr,../../gis/data/roads_trails/tl_2024_36089_roads.shp,file,/mnt/c/Users/PaulMarzocchi/Vivarium/FARM_Time-/gis/data/roads_trails/tl_2024_36089_roads.shp,True,True,.shp,ok
QField/Ag_School_AgParcels_QField/Paul-MASTER.qgz,Surface_Water_c7414cc6_5e3c_43d6_8564_f13eeada5e80,Surface Water,ogr,../../gis/data/farms/ag_school_parcels.gpkg|layername=Water_Area,file,/mnt/c/Users/PaulMarzocchi/Vivarium/FARM_Time-/gis/data/farms/ag_school_parcels.gpkg,True,True,.gpkg,ok
QField/Ag_School_AgParcels_QField/Paul-MASTER.qgz,Target_School_District_Boundaries_6902ee3e_6c44_448d_bc96_6c9a78a3101f,Target School District Boundaries,ogr,../../gis/data/farms/ag_school_parcels.gpkg|layername=School_Districts_Target,file,/mnt/c/Users/PaulMarzocchi/Vivarium/FARM_Time-/gis/data/farms/ag_school_parcels.gpkg,True,True,.gpkg,ok
QField/Ag_School_AgParcels_QField/Paul-MASTER.qgz,USGS_3DEP_Elevation_WMS_2ac3416c-bab4-4405-b895-f0e57a8a6977,USGS 3DEP Elevation (WMS),wms,contextualWMSLegend=0&crs=EPSG:3857&dpiMode=7&featureCount=10&format=image/png&layers=0&styles=&url=https://elevation.nationalmap.gov/arcgis/services/3DEPElevation/ImageServer/WMSServer,non-file,,False,False,,non-file
QField/Ag_School_AgParcels_QField/Paul-MASTER.qgz,USGS_3DEP_Elevation_WMS_2ac3416c-bab4-4405-b895-f0e57a8a6977,USGS 3DEP Elevation (WMS),wms,contextualWMSLegend=0&crs=EPSG:3857&dpiMode=7&featureCount=10&format=image/png&layers=0&styles=&url=https://elevation.nationalmap.gov/arcgis/services/3DEPElevation/ImageServer/WMSServer,non-file,,False,False,,non-file
QField/Ag_School_AgParcels_QField/Paul-MASTER.qgz,USGS_Topographic_Maps_b62433a5_17ab_47fe_9a23_da93f1238097,USGS Topographic Maps,wms,crs=EPSG:3857&format&type=xyz&url=http://caltopo.s3.amazonaws.com/topo/%7Bz%7D/%7Bx%7D/%7By%7D.png&zmax=16&zmin=0,non-file,,False,False,,non-file
QField/Ag_School_AgParcels_QField/Paul-MASTER.qgz,Wetlands_(NWI)_defa79eb5e6440348fab95d4cb0f500c,Wetlands (NWI),ogr,../../gis/data/parcels/wetlands_nwi.gpkg|layername=NY_wetlands,file,/mnt/c/Users/PaulMarzocchi/Vivarium/FARM_Time-/gis/data/parcels/wetlands_nwi.gpkg,True,True,.gpkg,ok
QField/Ag_School_AgParcels_QField/Paul-MASTER.qgz,Wildlife_Management_Units_4efd364e_fbaa_4755_905d_7fcca905d8ca,Wildlife Management Units,ogr,../../gis/data/farms/ag_school_parcels.gpkg|layername=Wildlife_Management_Units,file,/mnt/c/Users/PaulMarzocchi/Vivarium/FARM_Time-/gis/data/farms/ag_school_parcels.gpkg,True,True,.gpkg,ok
QField/Ag_School_AgParcels_QField/Paul-MASTER.qgz,agALLny2024_199beeb5_1e56_4f1f_87b2_7c98b659abae,agALLny2024,ogr,"../../gis/data/reference/agALLny2024.shp|subset=""DistCode"" IN ('ONON001','ONON002','ONON003','ONON004')",file,/mnt/c/Users/PaulMarzocchi/Vivarium/FARM_Time-/gis/data/reference/agALLny2024.shp,True,True,.shp,ok
QField/Ag_School_AgParcels_QField/Paul-MASTER.qgz,Refactored_53f098d0_b49b_4835_a074_a8bddb17e1df,lines,memory,"memory?geometry=LineString&crs=EPSG:4326&field=full_id:string(0,0)&field=osm_id:string(0,0)&field=osm_type:string(0,0)&field=power:string(0,0)&field=aerialway:string(0,0)&field=name:string(0,0)",non-file,,False,False,,non-file
QField/Ag_School_AgParcels_QField/Paul-MASTER.qgz,Refactored_2e84c33e_9823_4e87_8e93_39df06a3a4db,natural,memory,"memory?geometry=MultiPolygon&crs=EPSG:4326&field=full_id:string(0,0)&field=osm_id:string(0,0)&field=osm_type:string(0,0)&field=boundary:string(0,0)&field=landuse:string(0,0)&field=leisure:string(0,0)&field=natural:string(0,0)&field=name:string(0,0)",non-file,,False,False,,non-file
QField/Ag_School_AgParcels_QField/Paul-MASTER.qgz,Refactored_823332bb_6ae8_4cff_80f3_3f502e994b5d,natural,memory,"memory?geometry=LineString&crs=EPSG:4326&field=full_id:string(0,0)&field=osm_id:string(0,0)&field=osm_type:string(0,0)&field=waterway:string(0,0)&field=natural:string(0,0)&field=name:string(0,0)",non-file,,False,False,,non-file
QField/Ag_School_AgParcels_QField/Paul-MASTER.qgz,ne_10m_admin_1_states_provinces_8a60f251_cd89_474d_b87f_7bedb7516f80,natural_earth_vector — ne_10m_admin_1_states_provinces,ogr,../../gis/data/reference/natural_earth_vector.gpkg|layername=ne_10m_admin_1_states_provinces,file,/mnt/c/Users/PaulMarzocchi/Vivarium/FARM_Time-/gis/data/reference/natural_earth_vector.gpkg,True,True,.gpkg,ok
QField/Ag_School_AgParcels_QField_ny7_slim/Ag_School_AgParcels_NY7_offline.qgz,Ag_District_Footprints_d20bb39b_aaa0_4187_95d6_9333e57ae3d9,Ag District Footprints,ogr,./data/ag_school_parcels.gpkg|layername=Ag_Districts_Focus,file,/mnt/c/Users/PaulMarzocchi/Vivarium/FARM_Time-/QField/Ag_School_AgParcels_QField_ny7_slim/data/ag_school_parcels.gpkg,True,True,.gpkg,ok
QField/Ag_School_AgParcels_QField_ny7_slim/Ag_School_AgParcels_NY7_offline.qgz,Ag_Zoned_Parcels_7b2fde32_5e86_4bb0_ad67_3b72fce29d0f,Ag Zoned Parcels,ogr,./data/ag_school_parcels.gpkg|layername=Ag_Zoned_Parcels,file,/mnt/c/Users/PaulMarzocchi/Vivarium/FARM_Time-/QField/Ag_School_AgParcels_QField_ny7_slim/data/ag_school_parcels.gpkg,True,True,.gpkg,ok
QField/Ag_School_AgParcels_QField_ny7_slim/Ag_School_AgParcels_NY7_offline.qgz,Ag_Zoned_Parcels___Onondaga_Ownership_75b9b571_3795_4888_bd70_249b7a1e5101,Ag Zoned Parcels – Onondaga Ownership,ogr,./data/ag_school_parcels.gpkg|layername=Ag_Zoned_Parcels|subset=COUNTY_NAME='Onondaga',file,/mnt/c/Users/PaulMarzocchi/Vivarium/FARM_Time-/QField/Ag_School_AgParcels_QField_ny7_slim/data/ag_school_parcels.gpkg,True,True,.gpkg,ok
QField/Ag_School_AgParcels_QField_ny7_slim/Ag_School_AgParcels_NY7_offline.qgz,Ag_Zoned_Parcels_CORE_3238bc05b6b44fa2847b0ed213b3fb91,CORE Parcels (2-30 ac single owner),ogr,"./data/ag_school_parcels.gpkg|layername=Ag_Zoned_Parcels|subset=PRINT_KEY IN ('003.-01-26.1','005.-02-21.0','005.-02-22.1','005.-03-33.1','005.-04-20.0','005.-05-01.0','005.-06-01.1','005.-07-07.2','005.-07-10.1','005.-07-12.0','006.-04-02.2','006.-04-02.3','006.-04-06.1','006.-04-12.4','006.-04-17.1','006.-04-24.0','006.1-01-11.2','006.1-01-14.1','006.1-01-15.1','006.1-01-26.0','006.1-01-30.0','006.1-02-06.0','006.1-02-07.0','006.1-03-01.5','006.1-03-06.1','006.1-03-17.0','006.1-03-24.0','006.1-03-35.0','007.-01-05.0','007.-01-18.0','007.-01-43.0','007.-05-06.3','007.-05-06.7','007.1-02-06.2','007.1-02-06.3','007.1-02-06.4','010.-01-04.2','010.-01-06.2','010.-02-01.0','010.-02-39.1','010.-02-40.3','010.-02-41.1','010.-02-42.1','015.-01-43.6','015.-01-44.0','021.-01-07.2','021.-01-07.4','021.-01-07.5','021.-01-08.0','021.-01-09.0','021.-01-13.3','021.-01-13.4','021.-01-17.0','021.-01-19.2','021.-01-21.1','021.-03-11.0','021.-04-16.1','022.-01-10.2','022.-01-12.2','022.-01-12.3','022.-01-14.1','022.-02-01.2','022.-02-02.0','022.-02-03.0','022.-02-05.1','022.-02-06.1','022.-02-12.3','022.-02-14.1','022.-02-14.6','022.1-01-02.0','022.1-02-42.0','023.-01-18.0','023.-01-19.0','023.-01-26.1','023.-01-28.4','023.-01-28.5','023.-01-28.7','023.-01-28.8','026.-01-08.1','026.-04-09.0','026.-04-12.7','027.-01-03.2','027.-03-02.1','027.-03-06.0','027.2-02-93.5','028.1-01-03.1','047.-03-52.0','047.-03-53.0','047.-03-54.0','047.-03-55.0','047.-03-58.1','049.-03-04.0','049.-03-11.0','049.-03-12.0','049.-03-15.1','049.-04-06.4','049.-04-06.5','049.-04-06.6','049.-04-07.2','049.-04-07.3','049.-04-17.1','049.-04-20.0','049.-04-24.0','049.-04-29.0','052.-01-05.5','052.-01-05.6','052.-01-06.2','052.-02-07.0','052.-03-24.1','053.-02-02.0','054.-01-01.1','054.-01-01.2','054.-01-01.3','054.-01-13.0','054.-01-14.0','054.-01-19.1','054.-02-03.1','054.-02-06.2','054.-02-07.1','054.-02-07.2','054.-02-10.0','054.-02-12.0','054.-02-13.0','054.-03-11.1','054.-03-11.2','054.-03-13.1','054.-04-21.0','055.-07-01.0','055.-07-04.0','055.-08-04.0','055.-08-13.0','055.-08-14.1','055.-08-14.2','055.-08-21.1','055.-08-22.0')",file,/mnt/c/Users/PaulMarzocchi/Vivarium/FARM_Time-/QField/Ag_School_AgParcels_QField_ny7_slim/data/ag_school_parcels.gpkg,True,True,.gpkg,ok
QField/Ag_School_AgParcels_QField_ny7_slim/Ag_School_AgParcels_NY7_offline.qgz,Onondaga_Elevation__DEM__61f9e840_189f_40fa_a588_dda72f3c9dff,Elevation (DEM NY7),gdal,./data/dem_ny7.tif,file,/mnt/c/Users/PaulMarzocchi/Vivarium/FARM_Time-/QField/Ag_School_AgParcels_QField_ny7_slim/data/dem_ny7.tif,True,True,.tif,ok
QField/Ag_School_AgParcels_QField_ny7_slim/Ag_School_AgParcels_NY7_offline.qgz,Flood_Hazard_(NFHL)_c9dac9052b52414bba4a9f13a8a32bf6,Flood Hazard (NFHL),ogr,./data/flood_nfhl_ny7.gpkg|layername=flood_nfhl_ny7,file,/mnt/c/Users/PaulMarzocchi/Vivarium/FARM_Time-/QField/Ag_School_AgParcels_QField_ny7_slim/data/flood_nfhl_ny7.gpkg,True,True,.gpkg,ok
QField/Ag_School_AgParcels_QField_ny7_slim/Ag_School_AgParcels_NY7_offline.qgz,Onondaga_Hillshade_a1126c90_6c47_4343_bbff_09b5a2f936c0,Hillshade (NY7),gdal,./data/hillshade_ny7.tif,file,/mnt/c/Users/PaulMarzocchi/Vivarium/FARM_Time-/QField/Ag_School_AgParcels_QField_ny7_slim/data/hillshade_ny7.tif,True,True,.tif,ok
QField/Ag_School_AgParcels_QField_ny7_slim/Ag_School_AgParcels_NY7_offline.qgz,Hydrography__Flowline__c545bcef_d2fe_4c55_b8d2_5200a19e971c,Hydrography (Flowline),ogr,./data/ag_school_parcels.gpkg|layername=Water_Lines,file,/mnt/c/Users/PaulMarzocchi/Vivarium/FARM_Time-/QField/Ag_School_AgParcels_QField_ny7_slim/data/ag_school_parcels.gpkg,True,True,.gpkg,ok
QField/Ag_School_AgParcels_QField_ny7_slim/Ag_School_AgParcels_NY7_offline.qgz,Hydrography_–_Flowlines_a96a1f2e595c4f83a15bedb934f9fc39,Hydrography – Flowlines,ogr,./data/hydro_flow_ny7.gpkg|layername=hydro_flow_ny7,file,/mnt/c/Users/PaulMarzocchi/Vivarium/FARM_Time-/QField/Ag_School_AgParcels_QField_ny7_slim/data/hydro_flow_ny7.gpkg,True,True,.gpkg,ok
QField/Ag_School_AgParcels_QField_ny7_slim/Ag_School_AgParcels_NY7_offline.qgz,Hydrography_–_Waterbodies_1640deaf9bb04f5e9af37830b20cb535,Hydrography – Waterbodies,ogr,./data/hydro_water_ny7.gpkg|layername=hydro_water_ny7,file,/mnt/c/Users/PaulMarzocchi/Vivarium/FARM_Time-/QField/Ag_School_AgParcels_QField_ny7_slim/data/hydro_water_ny7.gpkg,True,True,.gpkg,ok
QField/Ag_School_AgParcels_QField_ny7_slim/Ag_School_AgParcels_NY7_offline.qgz,County_Streets_ff64da100b70401db5a929fb35ead767,NYS Streets (NY7),ogr,./data/roads_ny7.gpkg|layername=roads_ny7,file,/mnt/c/Users/PaulMarzocchi/Vivarium/FARM_Time-/QField/Ag_School_AgParcels_QField_ny7_slim/data/roads_ny7.gpkg,True,True,.gpkg,ok
QField/Ag_School_AgParcels_QField_ny7_slim/Ag_School_AgParcels_NY7_offline.qgz,NYS_2024_Tax_Parcels_Public_2504_gdb_a00000016_gdbtable_c1961b8e_07ad_4e93_9af9_836c5e6298ec,NYS Tax Parcels (NY7),ogr,./data/parcels_ny7.gpkg|layername=nys_tax_parcels_ny7,file,/mnt/c/Users/PaulMarzocchi/Vivarium/FARM_Time-/QField/Ag_School_AgParcels_QField_ny7_slim/data/parcels_ny7.gpkg,True,True,.gpkg,ok
QField/Ag_School_AgParcels_QField_ny7_slim/Ag_School_AgParcels_NY7_offline.qgz,Northern___Southern_Hunting_Zone_Line_27c564fa_f8d8_4142_a42d_496361ce7fe1,Northern / Southern Hunting Zone Line,ogr,./data/ag_school_parcels.gpkg|layername=Hunting_NorthSouth_Line,file,/mnt/c/Users/PaulMarzocchi/Vivarium/FARM_Time-/QField/Ag_School_AgParcels_QField_ny7_slim/data/ag_school_parcels.gpkg,True,True,.gpkg,ok
QField/Ag_School_AgParcels_QField_ny7_slim/Ag_School_AgParcels_NY7_offline.qgz,Primary___Secondary_Roads_f8f0991d_efe2_4654_b8e1_5d069cfb200e,Primary / Secondary Roads,ogr,./data/ag_school_parcels.gpkg|layername=Roads_Primary,file,/mnt/c/Users/PaulMarzocchi/Vivarium/FARM_Time-/QField/Ag_School_AgParcels_QField_ny7_slim/data/ag_school_parcels.gpkg,True,True,.gpkg,ok
QField/Ag_School_AgParcels_QField_ny7_slim/Ag_School_AgParcels_NY7_offline.qgz,School_District_Parcels_458e3d13_05a7_4a4d_93fd_4336263bdf0c,School District Parcels,ogr,./data/ag_school_parcels.gpkg|layername=Candidate_Parcels,file,/mnt/c/Users/PaulMarzocchi/Vivarium/FARM_Time-/QField/Ag_School_AgParcels_QField_ny7_slim/data/ag_school_parcels.gpkg,True,True,.gpkg,ok
QField/Ag_School_AgParcels_QField_ny7_slim/Ag_School_AgParcels_NY7_offline.qgz,Soils_SSURGO_218acd96e7e04e96a9d04f680967d902,Soils (SSURGO),ogr,./data/soils_ny7.gpkg|layername=soils_ny7,file,/mnt/c/Users/PaulMarzocchi/Vivarium/FARM_Time-/QField/Ag_School_AgParcels_QField_ny7_slim/data/soils_ny7.gpkg,True,True,.gpkg,ok
QField/Ag_School_AgParcels_QField_ny7_slim/Ag_School_AgParcels_NY7_offline.qgz,State___Federal_Conservation_Lands_14c1d4fa_bc91_4e17_8882_ae2f6bb55302,State & Federal Conservation Lands,ogr,./data/ag_school_parcels.gpkg|layername=Protected_Lands,file,/mnt/c/Users/PaulMarzocchi/Vivarium/FARM_Time-/QField/Ag_School_AgParcels_QField_ny7_slim/data/ag_school_parcels.gpkg,True,True,.gpkg,ok
QField/Ag_School_AgParcels_QField_ny7_slim/Ag_School_AgParcels_NY7_offline.qgz,Surface_Water_c7414cc6_5e3c_43d6_8564_f13eeada5e80,Surface Water,ogr,./data/ag_school_parcels.gpkg|layername=Water_Area,file,/mnt/c/Users/PaulMarzocchi/Vivarium/FARM_Time-/QField/Ag_School_AgParcels_QField_ny7_slim/data/ag_school_parcels.gpkg,True,True,.gpkg,ok
QField/Ag_School_AgParcels_QField_ny7_slim/Ag_School_AgParcels_NY7_offline.qgz,Target_School_District_Boundaries_6902ee3e_6c44_448d_bc96_6c9a78a3101f,Target School District Boundaries,ogr,./data/ag_school_parcels.gpkg|layername=School_Districts_Target,file,/mnt/c/Users/PaulMarzocchi/Vivarium/FARM_Time-/QField/Ag_School_AgParcels_QField_ny7_slim/data/ag_school_parcels.gpkg,True,True,.gpkg,ok
QField/Ag_School_AgParcels_QField_ny7_slim/Ag_School_AgParcels_NY7_offline.qgz,Wetlands_(NWI)_defa79eb5e6440348fab95d4cb0f500c,Wetlands (NWI),ogr,./data/wetlands_ny7.gpkg|layername=wetlands_ny7,file,/mnt/c/Users/PaulMarzocchi/Vivarium/FARM_Time-/QField/Ag_School_AgParcels_QField_ny7_slim/data/wetlands_ny7.gpkg,True,True,.gpkg,ok
QField/Ag_School_AgParcels_QField_ny7_slim/Ag_School_AgParcels_NY7_offline.qgz,Wildlife_Management_Units_4efd364e_fbaa_4755_905d_7fcca905d8ca,Wildlife Management Units,ogr,./data/ag_school_parcels.gpkg|layername=Wildlife_Management_Units,file,/mnt/c/Users/PaulMarzocchi/Vivarium/FARM_Time-/QField/Ag_School_AgParcels_QField_ny7_slim/data/ag_school_parcels.gpkg,True,True,.gpkg,ok
